{
  "model": "openai/clip-vit-large-patch14",
  "n": 3333,
  "top1": 0.3276327632763276,
  "top5": 0.774077407740774
}