{
  "logreg": {
    "overall": {
      "accuracy": 0.9535,
      "f1": 0.904380012338063,
      "roc_auc": 0.952870456551873,
      "brier": 0.05274369041653215
    },
    "hard_segment": {
      "accuracy": 0.8669558929862617,
      "f1": 0.7814726840855107,
      "roc_auc": 0.9114152522703591,
      "brier": 0.1458317889991244
    },
    "cv_roc_auc_mean": 0.9463718113982853,
    "cv_roc_auc_std": 0.003159945548814953
  },
  "mlp": {
    "overall": {
      "accuracy": 0.9626,
      "f1": 0.9232032854209445,
      "roc_auc": 0.9532154903002534,
      "brier": 0.03410633142048474
    },
    "hard_segment": {
      "accuracy": 0.9081706435285611,
      "f1": 0.8430160692212608,
      "roc_auc": 0.9444373114206844,
      "brier": 0.07122162961682929
    },
    "cv_roc_auc_mean": 0.9488126495389879,
    "cv_roc_auc_std": 0.0016081019012160415
  },
  "xgboost": {
    "overall": {
      "accuracy": 0.9643,
      "f1": 0.927038626609442,
      "roc_auc": 0.9561362664930312,
      "brier": 0.03249578922986984
    },
    "hard_segment": {
      "accuracy": 0.9175704989154013,
      "f1": 0.8623188405797102,
      "roc_auc": 0.9488409933778105,
      "brier": 0.06254611909389496
    },
    "cv_roc_auc_mean": 0.9484406851769116,
    "cv_roc_auc_std": 0.002196874116976928
  }
}